pollsterId,group,nPolls,nDeltas,weight,firstPublication,lastPublication,firstSeats,lastSeats,netDelta,slopePerWeek,pValue,qValue,dates,seats,deltas
direct_polls,coalition,5,4,0.12598889497254964,2026-09-09,2026-10-08,60,60,0,5.551115123125783e-16,1.0,1.0,2026-09-09 | 2026-09-17 | 2026-09-24 | 2026-10-01 | 2026-10-08,60 | 60 | 60 | 60 | 60,0 | 0 | 0 | 0
direct_polls,opposition,5,4,0.12598889497254964,2026-09-09,2026-10-08,48,48,0,-0.11115635179153172,0.5,0.7999999999999999,2026-09-09 | 2026-09-17 | 2026-09-24 | 2026-10-01 | 2026-10-08,48 | 48 | 47 | 47 | 48,0 | -1 | 0 | 1
direct_polls,opposition_raam,5,4,0.12598889497254964,2026-09-09,2026-10-08,53,53,0,-0.1054560260586335,0.6,0.7999999999999999,2026-09-09 | 2026-09-17 | 2026-09-24 | 2026-10-01 | 2026-10-08,53 | 53 | 53 | 52 | 53,0 | 0 | -1 | 1
hamadad_consortium,coalition,5,4,0.12598889497254964,2026-09-09,2026-10-07,53,55,2,0.38060781476121613,0.6,0.7999999999999999,2026-09-09 | 2026-09-16 | 2026-09-23 | 2026-09-30 | 2026-10-07,53 | 54 | 51 | 54 | 55,1 | -3 | 3 | 1
hamadad_consortium,opposition,5,4,0.12598889497254964,2026-09-09,2026-10-07,53,50,-3,-0.5991316931982648,0.05,0.30000000000000004,2026-09-09 | 2026-09-16 | 2026-09-23 | 2026-09-30 | 2026-10-07,53 | 52 | 52 | 52 | 50,-1 | 0 | 0 | -2
hamadad_consortium,opposition_raam,5,4,0.12598889497254964,2026-09-09,2026-10-07,59,56,-3,-0.7047756874095517,0.016666666666666666,0.17777777777777778,2026-09-09 | 2026-09-16 | 2026-09-23 | 2026-09-30 | 2026-10-07,59 | 58 | 57 | 57 | 56,-1 | -1 | 0 | -1
kantar,coalition,5,4,0.13137321833147042,2026-09-09,2026-10-08,52,51,-1,-0.26927806077639316,0.2,0.6000000000000001,2026-09-09 | 2026-09-17 | 2026-09-27 | 2026-10-04 | 2026-10-08,52 | 52 | 52 | 51 | 51,0 | 0 | -1 | 0
kantar,opposition,5,4,0.13137321833147042,2026-09-09,2026-10-08,52,51,-1,-0.1561566836465853,0.4,0.7999999999999999,2026-09-09 | 2026-09-17 | 2026-09-27 | 2026-10-04 | 2026-10-08,52 | 52 | 52 | 52 | 51,0 | 0 | 0 | -1
kantar,opposition_raam,5,4,0.13137321833147042,2026-09-09,2026-10-08,57,56,-1,-0.15615668364658575,0.4,0.7999999999999999,2026-09-09 | 2026-09-17 | 2026-09-27 | 2026-10-04 | 2026-10-08,57 | 57 | 57 | 57 | 56,0 | 0 | 0 | -1
lazar,coalition,6,5,0.12715127986162647,2026-09-09,2026-10-09,51,52,1,0.2920137801440621,0.43333333333333335,0.7999999999999999,2026-09-09 | 2026-09-11 | 2026-09-18 | 2026-09-25 | 2026-10-02 | 2026-10-09,51 | 50 | 50 | 49 | 51 | 52,-1 | 0 | -1 | 2 | 1
lazar,opposition,6,5,0.12715127986162647,2026-09-09,2026-10-09,57,52,-5,-1.2881929220169148,0.022222222222222223,0.17777777777777778,2026-09-09 | 2026-09-11 | 2026-09-18 | 2026-09-25 | 2026-10-02 | 2026-10-09,57 | 58 | 54 | 55 | 53 | 52,1 | -4 | 1 | -2 | -1
lazar,opposition_raam,6,5,0.12715127986162647,2026-09-09,2026-10-09,62,57,-5,-1.288192922016914,0.022222222222222223,0.17777777777777778,2026-09-09 | 2026-09-11 | 2026-09-18 | 2026-09-25 | 2026-10-02 | 2026-10-09,62 | 63 | 59 | 60 | 58 | 57,1 | -4 | 1 | -2 | -1
maagar_mochot,coalition,2,1,0.11359182120835815,2026-09-29,2026-10-06,53,54,1,1.076923076923078,1.0,1.0,2026-09-29 | 2026-10-06,53 | 54,1
maagar_mochot,opposition,2,1,0.11359182120835815,2026-09-29,2026-10-06,51,53,2,2.153846153846154,1.0,1.0,2026-09-29 | 2026-10-06,51 | 53,2
maagar_mochot,opposition_raam,2,1,0.11359182120835815,2026-09-29,2026-10-06,56,59,3,3.230769230769229,1.0,1.0,2026-09-29 | 2026-10-06,56 | 59,3
midgam_geva,coalition,4,3,0.12392810070834642,2026-09-09,2026-10-05,52,49,-3,-0.670984455958548,0.16666666666666666,0.5877551020408163,2026-09-09 | 2026-09-14 | 2026-09-22 | 2026-10-05,52 | 50 | 50 | 49,-2 | 0 | -1
midgam_geva,opposition,4,3,0.12392810070834642,2026-09-09,2026-10-05,57,54,-3,-0.5984455958549226,0.5,0.7999999999999999,2026-09-09 | 2026-09-14 | 2026-09-22 | 2026-10-05,57 | 54 | 54 | 54,-3 | 0 | 0
midgam_geva,opposition_raam,4,3,0.12392810070834642,2026-09-09,2026-10-05,61,59,-2,-0.29015544041450525,0.5833333333333334,0.7999999999999999,2026-09-09 | 2026-09-14 | 2026-09-22 | 2026-10-05,61 | 58 | 59 | 59,-3 | 1 | 0
next_data,coalition,7,6,0.12598889497254964,2026-09-09,2026-10-07,64,63,-1,-0.23413674372847948,0.17142857142857143,0.5877551020408163,2026-09-09 | 2026-09-15 | 2026-09-17 | 2026-09-23 | 2026-09-28 | 2026-10-01 | 2026-10-07,64 | 64 | 64 | 63 | 63 | 64 | 63,0 | 0 | -1 | 0 | 1 | -1
next_data,opposition,7,6,0.12598889497254964,2026-09-09,2026-10-07,44,45,1,0.23413674372847904,0.17142857142857143,0.5877551020408163,2026-09-09 | 2026-09-15 | 2026-09-17 | 2026-09-23 | 2026-09-28 | 2026-10-01 | 2026-10-07,44 | 44 | 44 | 45 | 45 | 44 | 45,0 | 0 | 1 | 0 | -1 | 1
next_data,opposition_raam,7,6,0.12598889497254964,2026-09-09,2026-10-07,50,50,0,0.06714215445154958,0.7428571428571429,0.9383458646616541,2026-09-09 | 2026-09-15 | 2026-09-17 | 2026-09-23 | 2026-09-28 | 2026-10-01 | 2026-10-07,50 | 49 | 49 | 50 | 50 | 49 | 50,-1 | 0 | 1 | 0 | -1 | 1
tatika,coalition,5,4,0.12598889497254964,2026-09-10,2026-10-08,52,51,-1,-4.996003610813204e-16,1.0,1.0,2026-09-10 | 2026-09-17 | 2026-09-24 | 2026-10-01 | 2026-10-08,52 | 51 | 53 | 53 | 51,-1 | 2 | 0 | -2
tatika,opposition,5,4,0.12598889497254964,2026-09-10,2026-10-08,56,55,-1,-0.7999999999999983,0.5,0.7999999999999999,2026-09-10 | 2026-09-17 | 2026-09-24 | 2026-10-01 | 2026-10-08,56 | 55 | 53 | 49 | 55,-1 | -2 | -4 | 6
tatika,opposition_raam,5,4,0.12598889497254964,2026-09-10,2026-10-08,61,60,-1,-0.8999999999999997,0.5333333333333333,0.7999999999999999,2026-09-10 | 2026-09-17 | 2026-09-24 | 2026-10-01 | 2026-10-08,61 | 61 | 59 | 54 | 60,0 | -2 | -5 | 6
