pollsterId,partyId,partyName,nPolls,nDeltas,weight,firstPublication,lastPublication,firstSeats,lastSeats,netDelta,slopePerWeek,pValue,constantSeatSeries,seats,deltas,qValue
direct_polls,yashar,ישר!,5,4,0.12598889497254964,2026-09-09,2026-10-08,22,20,-2,-0.2878664495114007,0.4,False,"[22, 21, 22, 22, 20]","[-1, 1, 0, -2]",1.0
direct_polls,likud,הליכוד,5,4,0.12598889497254964,2026-09-09,2026-10-08,27,26,-1,-0.08550488599348594,1.0,False,"[27, 27, 27, 28, 26]","[0, 0, 1, -2]",1.0
direct_polls,beyachad,ביחד,5,4,0.12598889497254964,2026-09-09,2026-10-08,10,11,1,0.17385993485342044,0.7,False,"[10, 9, 9, 9, 11]","[-1, 0, 0, 2]",1.0
direct_polls,democrats,הדמוקרטים,5,4,0.12598889497254964,2026-09-09,2026-10-08,9,10,1,0.09690553745928354,0.7,False,"[9, 10, 9, 9, 10]","[1, -1, 0, 1]",1.0
direct_polls,yisrael_beiteinu,ישראל ביתנו,5,4,0.12598889497254964,2026-09-09,2026-10-08,7,7,0,-0.09405537459283364,0.8,False,"[7, 8, 7, 7, 7]","[1, -1, 0, 0]",1.0
direct_polls,utj,יהדות התורה,5,4,0.12598889497254964,2026-09-09,2026-10-08,8,8,0,0.0,1.0,True,"[8, 8, 8, 8, 8]","[0, 0, 0, 0]",1.0
direct_polls,joint,הרשימה המשותפת,5,4,0.12598889497254964,2026-09-09,2026-10-08,7,7,0,0.10545602605863191,0.6,False,"[7, 7, 7, 8, 7]","[0, 0, 1, -1]",1.0
direct_polls,shas,ש״ס,5,4,0.12598889497254964,2026-09-09,2026-10-08,7,7,0,0.0,1.0,True,"[7, 7, 7, 7, 7]","[0, 0, 0, 0]",1.0
direct_polls,otzma,עוצמה יהודית,5,4,0.12598889497254964,2026-09-09,2026-10-08,8,9,1,0.28501628664495104,0.3,False,"[8, 7, 8, 8, 9]","[-1, 1, 0, 1]",1.0
direct_polls,rz_zehut,הציונות הדתית–זהות,5,4,0.12598889497254964,2026-09-09,2026-10-08,6,6,0,-0.10545602605863214,0.6,False,"[6, 6, 6, 5, 6]","[0, 0, -1, 1]",1.0
direct_polls,raam,רע״ם,5,4,0.12598889497254964,2026-09-09,2026-10-08,5,5,0,0.005700325732899025,1.0,False,"[5, 5, 6, 5, 5]","[0, 1, -1, 0]",1.0
direct_polls,winter,עמך ישראל,5,4,0.12598889497254964,2026-09-09,2026-10-08,4,4,0,-0.09405537459283397,0.8,False,"[4, 5, 4, 4, 4]","[1, -1, 0, 0]",1.0
direct_polls,hendel,המילואימניקים והכלכלית,5,4,0.12598889497254964,2026-09-09,2026-10-08,0,0,0,0.0,1.0,True,"[0, 0, 0, 0, 0]","[0, 0, 0, 0]",1.0
direct_polls,gantz,כחול לבן,5,4,0.12598889497254964,2026-09-09,2026-10-08,0,0,0,0.0,1.0,True,"[0, 0, 0, 0, 0]","[0, 0, 0, 0]",1.0
direct_polls,noam,נעם לישראל,5,4,0.12598889497254964,2026-09-09,2026-10-08,0,0,0,0.0,1.0,True,"[0, 0, 0, 0, 0]","[0, 0, 0, 0]",1.0
direct_polls,haredi_public,הציבור החרדי,5,4,0.12598889497254964,2026-09-09,2026-10-08,0,0,0,0.0,1.0,True,"[0, 0, 0, 0, 0]","[0, 0, 0, 0]",1.0
direct_polls,israel_first,ישראל תחילה,5,4,0.12598889497254964,2026-09-09,2026-10-08,0,0,0,0.0,1.0,True,"[0, 0, 0, 0, 0]","[0, 0, 0, 0]",1.0
hamadad_consortium,yashar,ישר!,5,4,0.12598889497254964,2026-09-09,2026-10-07,22,20,-2,-0.5021707670043414,0.1,False,"[22, 22, 22, 21, 20]","[0, 0, -1, -1]",1.0
hamadad_consortium,likud,הליכוד,5,4,0.12598889497254964,2026-09-09,2026-10-07,19,20,1,0.30535455861070915,0.3,False,"[19, 18, 18, 19, 20]","[-1, 0, 1, 1]",1.0
hamadad_consortium,beyachad,ביחד,5,4,0.12598889497254964,2026-09-09,2026-10-07,13,12,-1,-0.30246020260492035,0.3333333333333333,False,"[13, 12, 11, 11, 12]","[-1, -1, 0, 1]",1.0
hamadad_consortium,democrats,הדמוקרטים,5,4,0.12598889497254964,2026-09-09,2026-10-07,10,10,0,0.10564399421128834,0.5,False,"[10, 10, 11, 11, 10]","[0, 1, 0, -1]",1.0
hamadad_consortium,yisrael_beiteinu,ישראל ביתנו,5,4,0.12598889497254964,2026-09-09,2026-10-07,8,8,0,0.09985528219971052,0.8,False,"[8, 8, 8, 9, 8]","[0, 0, 1, -1]",1.0
hamadad_consortium,utj,יהדות התורה,5,4,0.12598889497254964,2026-09-09,2026-10-07,8,8,0,0.10998552821997132,0.6,False,"[8, 7, 8, 8, 8]","[-1, 1, 0, 0]",1.0
hamadad_consortium,joint,הרשימה המשותפת,5,4,0.12598889497254964,2026-09-09,2026-10-07,8,9,1,0.30101302460202595,0.2,False,"[8, 8, 8, 9, 9]","[0, 0, 1, 0]",1.0
hamadad_consortium,shas,ש״ס,5,4,0.12598889497254964,2026-09-09,2026-10-07,7,7,0,0.0,1.0,True,"[7, 7, 7, 7, 7]","[0, 0, 0, 0]",1.0
hamadad_consortium,otzma,עוצמה יהודית,5,4,0.12598889497254964,2026-09-09,2026-10-07,9,8,-1,-0.20260492040520983,0.5,False,"[9, 8, 7, 8, 8]","[-1, -1, 1, 0]",1.0
hamadad_consortium,rz_zehut,הציונות הדתית–זהות,5,4,0.12598889497254964,2026-09-09,2026-10-07,6,7,1,0.0810419681620842,0.8666666666666667,False,"[6, 8, 6, 7, 7]","[2, -2, 1, 0]",1.0
hamadad_consortium,raam,רע״ם,5,4,0.12598889497254964,2026-09-09,2026-10-07,6,6,0,-0.1056439942112879,0.5,False,"[6, 6, 5, 5, 6]","[0, -1, 0, 1]",1.0
hamadad_consortium,winter,עמך ישראל,5,4,0.12598889497254964,2026-09-09,2026-10-07,4,5,1,0.08683068017366136,1.0,False,"[4, 6, 5, 5, 5]","[2, -1, 0, 0]",1.0
hamadad_consortium,hendel,המילואימניקים והכלכלית,5,4,0.12598889497254964,2026-09-09,2026-10-07,0,0,0,0.02315484804630972,1.0,False,"[0, 0, 4, 0, 0]","[0, 4, -4, 0]",1.0
hamadad_consortium,gantz,כחול לבן,5,4,0.12598889497254964,2026-09-09,2026-10-07,0,0,0,0.0,1.0,True,"[0, 0, 0, 0, 0]","[0, 0, 0, 0]",1.0
hamadad_consortium,noam,נעם לישראל,5,4,0.12598889497254964,2026-09-09,2026-10-07,0,0,0,0.0,1.0,True,"[0, 0, 0, 0, 0]","[0, 0, 0, 0]",1.0
hamadad_consortium,haredi_public,הציבור החרדי,5,4,0.12598889497254964,2026-09-09,2026-10-07,0,0,0,0.0,1.0,True,"[0, 0, 0, 0, 0]","[0, 0, 0, 0]",1.0
hamadad_consortium,israel_first,ישראל תחילה,5,4,0.12598889497254964,2026-09-09,2026-10-07,0,0,0,0.0,1.0,True,"[0, 0, 0, 0, 0]","[0, 0, 0, 0]",1.0
kantar,yashar,ישר!,5,4,0.13137321833147042,2026-09-09,2026-10-08,24,22,-2,-0.24837519761110327,0.36666666666666664,False,"[24, 22, 23, 23, 22]","[-2, 1, 0, -1]",1.0
kantar,likud,הליכוד,5,4,0.13137321833147042,2026-09-09,2026-10-08,21,21,0,0.1020551554540643,0.8,False,"[21, 20, 21, 21, 21]","[-1, 1, 0, 0]",1.0
kantar,beyachad,ביחד,5,4,0.13137321833147042,2026-09-09,2026-10-08,12,13,1,0.02705076409625784,0.9,False,"[12, 13, 11, 12, 13]","[1, -2, 1, 1]",1.0
kantar,democrats,הדמוקרטים,5,4,0.13137321833147042,2026-09-09,2026-10-08,9,8,-1,-0.2692780607763927,0.2,False,"[9, 9, 9, 8, 8]","[0, 0, -1, 0]",1.0
kantar,yisrael_beiteinu,ישראל ביתנו,5,4,0.13137321833147042,2026-09-09,2026-10-08,7,8,1,0.33444581064465073,0.2,False,"[7, 8, 9, 9, 8]","[1, 1, 0, -1]",1.0
kantar,utj,יהדות התורה,5,4,0.13137321833147042,2026-09-09,2026-10-08,8,8,0,0.07500439135780734,0.7,False,"[8, 7, 7, 8, 8]","[-1, 0, 1, 0]",1.0
kantar,joint,הרשימה המשותפת,5,4,0.13137321833147042,2026-09-09,2026-10-08,7,8,1,0.2692780607763917,0.2,False,"[7, 7, 7, 8, 8]","[0, 0, 1, 0]",1.0
kantar,shas,ש״ס,5,4,0.13137321833147042,2026-09-09,2026-10-08,7,7,0,0.11312137712980819,0.6,False,"[7, 7, 7, 8, 7]","[0, 0, 1, -1]",1.0
kantar,otzma,עוצמה יהודית,5,4,0.13137321833147042,2026-09-09,2026-10-08,7,9,2,0.32337958896890884,0.26666666666666666,False,"[7, 8, 7, 8, 9]","[1, -1, 1, 1]",1.0
kantar,rz_zehut,הציונות הדתית–זהות,5,4,0.13137321833147042,2026-09-09,2026-10-08,5,6,1,0.19427366941858393,0.2,False,"[5, 6, 6, 6, 6]","[1, 0, 0, 0]",1.0
kantar,raam,רע״ם,5,4,0.13137321833147042,2026-09-09,2026-10-08,5,5,0,0.0,1.0,True,"[5, 5, 5, 5, 5]","[0, 0, 0, 0]",1.0
kantar,winter,עמך ישראל,5,4,0.13137321833147042,2026-09-09,2026-10-08,4,0,-4,-1.0771122431055684,0.2,False,"[4, 4, 4, 0, 0]","[0, 0, -4, 0]",1.0
kantar,hendel,המילואימניקים והכלכלית,5,4,0.13137321833147042,2026-09-09,2026-10-08,4,5,1,0.1561566836465833,0.4,False,"[4, 4, 4, 4, 5]","[0, 0, 0, 1]",1.0
kantar,gantz,כחול לבן,5,4,0.13137321833147042,2026-09-09,2026-10-08,0,0,0,0.0,1.0,True,"[0, 0, 0, 0, 0]","[0, 0, 0, 0]",1.0
kantar,noam,נעם לישראל,5,4,0.13137321833147042,2026-09-09,2026-10-08,0,0,0,0.0,1.0,True,"[0, 0, 0, 0, 0]","[0, 0, 0, 0]",1.0
kantar,haredi_public,הציבור החרדי,5,4,0.13137321833147042,2026-09-09,2026-10-08,0,0,0,0.0,1.0,True,"[0, 0, 0, 0, 0]","[0, 0, 0, 0]",1.0
kantar,israel_first,ישראל תחילה,5,4,0.13137321833147042,2026-09-09,2026-10-08,0,0,0,0.0,1.0,True,"[0, 0, 0, 0, 0]","[0, 0, 0, 0]",1.0
lazar,yashar,ישר!,6,5,0.12715127986162647,2026-09-09,2026-10-09,25,21,-4,-1.0672095208268093,0.011111111111111112,False,"[25, 25, 23, 22, 21, 21]","[0, -2, -1, -1, 0]",1.0
lazar,likud,הליכוד,6,5,0.12715127986162647,2026-09-09,2026-10-09,21,20,-1,-0.05875352333229067,0.8611111111111112,False,"[21, 19, 18, 18, 19, 20]","[-2, -1, 0, 1, 1]",1.0
lazar,beyachad,ביחד,6,5,0.12715127986162647,2026-09-09,2026-10-09,14,13,-1,-0.2490447854682123,0.13333333333333333,False,"[14, 14, 13, 13, 13, 13]","[0, -1, 0, 0, 0]",1.0
lazar,democrats,הדמוקרטים,6,5,0.12715127986162647,2026-09-09,2026-10-09,9,9,0,0.02806138427810767,0.95,False,"[9, 10, 9, 11, 10, 9]","[1, -1, 2, -1, -1]",1.0
lazar,yisrael_beiteinu,ישראל ביתנו,6,5,0.12715127986162647,2026-09-09,2026-10-09,9,9,0,0.0,1.0,True,"[9, 9, 9, 9, 9, 9]","[0, 0, 0, 0, 0]",1.0
lazar,utj,יהדות התורה,6,5,0.12715127986162647,2026-09-09,2026-10-09,7,7,0,-0.025430629502036117,1.0,False,"[7, 7, 7, 6, 7, 7]","[0, 0, -1, 1, 0]",1.0
lazar,joint,הרשימה המשותפת,6,5,0.12715127986162647,2026-09-09,2026-10-09,7,7,0,0.0,1.0,True,"[7, 7, 7, 7, 7, 7]","[0, 0, 0, 0, 0]",1.0
lazar,shas,ש״ס,6,5,0.12715127986162647,2026-09-09,2026-10-09,7,7,0,-0.025430629502036117,1.0,False,"[7, 7, 7, 6, 7, 7]","[0, 0, -1, 1, 0]",1.0
lazar,otzma,עוצמה יהודית,6,5,0.12715127986162647,2026-09-09,2026-10-09,7,8,1,0.25167554024428407,0.26666666666666666,False,"[7, 8, 8, 9, 9, 8]","[1, 0, 1, 0, -1]",1.0
lazar,rz_zehut,הציונות הדתית–זהות,6,5,0.12715127986162647,2026-09-09,2026-10-09,5,6,1,0.14995302223614138,0.4,False,"[5, 5, 6, 6, 5, 6]","[0, 1, 0, -1, 1]",1.0
lazar,raam,רע״ם,6,5,0.12715127986162647,2026-09-09,2026-10-09,5,5,0,0.0,1.0,True,"[5, 5, 5, 5, 5, 5]","[0, 0, 0, 0, 0]",1.0
lazar,winter,עמך ישראל,6,5,0.12715127986162647,2026-09-09,2026-10-09,4,4,0,0.0,1.0,True,"[4, 4, 4, 4, 4, 4]","[0, 0, 0, 0, 0]",1.0
lazar,hendel,המילואימניקים והכלכלית,6,5,0.12715127986162647,2026-09-09,2026-10-09,0,4,4,0.9961791418728467,0.13333333333333333,False,"[0, 0, 4, 4, 4, 4]","[0, 4, 0, 0, 0]",1.0
lazar,gantz,כחול לבן,6,5,0.12715127986162647,2026-09-09,2026-10-09,0,0,0,0.0,1.0,True,"[0, 0, 0, 0, 0, 0]","[0, 0, 0, 0, 0]",1.0
lazar,noam,נעם לישראל,6,5,0.12715127986162647,2026-09-09,2026-10-09,0,0,0,0.0,1.0,True,"[0, 0, 0, 0, 0, 0]","[0, 0, 0, 0, 0]",1.0
lazar,haredi_public,הציבור החרדי,6,5,0.12715127986162647,2026-09-09,2026-10-09,0,0,0,0.0,1.0,True,"[0, 0, 0, 0, 0, 0]","[0, 0, 0, 0, 0]",1.0
lazar,israel_first,ישראל תחילה,6,5,0.12715127986162647,2026-09-09,2026-10-09,0,0,0,0.0,1.0,True,"[0, 0, 0, 0, 0, 0]","[0, 0, 0, 0, 0]",1.0
maagar_mochot,yashar,ישר!,2,1,0.11359182120835815,2026-09-29,2026-10-06,21,23,2,2.1538461538461524,1.0,False,"[21, 23]",[2],1.0
maagar_mochot,likud,הליכוד,2,1,0.11359182120835815,2026-09-29,2026-10-06,19,21,2,2.1538461538461524,1.0,False,"[19, 21]",[2],1.0
maagar_mochot,beyachad,ביחד,2,1,0.11359182120835815,2026-09-29,2026-10-06,14,14,0,0.0,1.0,True,"[14, 14]",[0],1.0
maagar_mochot,democrats,הדמוקרטים,2,1,0.11359182120835815,2026-09-29,2026-10-06,9,9,0,0.0,1.0,True,"[9, 9]",[0],1.0
maagar_mochot,yisrael_beiteinu,ישראל ביתנו,2,1,0.11359182120835815,2026-09-29,2026-10-06,7,7,0,0.0,1.0,True,"[7, 7]",[0],1.0
maagar_mochot,utj,יהדות התורה,2,1,0.11359182120835815,2026-09-29,2026-10-06,7,7,0,0.0,1.0,True,"[7, 7]",[0],1.0
maagar_mochot,joint,הרשימה המשותפת,2,1,0.11359182120835815,2026-09-29,2026-10-06,7,7,0,0.0,1.0,True,"[7, 7]",[0],1.0
maagar_mochot,shas,ש״ס,2,1,0.11359182120835815,2026-09-29,2026-10-06,8,8,0,0.0,1.0,True,"[8, 8]",[0],1.0
maagar_mochot,otzma,עוצמה יהודית,2,1,0.11359182120835815,2026-09-29,2026-10-06,8,7,-1,-1.0769230769230766,1.0,False,"[8, 7]",[-1],1.0
maagar_mochot,rz_zehut,הציונות הדתית–זהות,2,1,0.11359182120835815,2026-09-29,2026-10-06,6,7,1,1.076923076923077,1.0,False,"[6, 7]",[1],1.0
maagar_mochot,raam,רע״ם,2,1,0.11359182120835815,2026-09-29,2026-10-06,5,6,1,1.0769230769230773,1.0,False,"[5, 6]",[1],1.0
maagar_mochot,winter,עמך ישראל,2,1,0.11359182120835815,2026-09-29,2026-10-06,5,4,-1,-1.0769230769230769,1.0,False,"[5, 4]",[-1],1.0
maagar_mochot,hendel,המילואימניקים והכלכלית,2,1,0.11359182120835815,2026-09-29,2026-10-06,4,0,-4,-4.3076923076923075,1.0,False,"[4, 0]",[-4],1.0
maagar_mochot,gantz,כחול לבן,2,1,0.11359182120835815,2026-09-29,2026-10-06,0,0,0,0.0,1.0,True,"[0, 0]",[0],1.0
maagar_mochot,noam,נעם לישראל,2,1,0.11359182120835815,2026-09-29,2026-10-06,0,0,0,0.0,1.0,True,"[0, 0]",[0],1.0
maagar_mochot,haredi_public,הציבור החרדי,2,1,0.11359182120835815,2026-09-29,2026-10-06,0,0,0,0.0,1.0,True,"[0, 0]",[0],1.0
maagar_mochot,israel_first,ישראל תחילה,2,1,0.11359182120835815,2026-09-29,2026-10-06,0,0,0,0.0,1.0,True,"[0, 0]",[0],1.0
midgam_geva,yashar,ישר!,4,3,0.12392810070834642,2026-09-09,2026-10-05,25,23,-2,-0.39896373056994733,0.5,False,"[25, 23, 23, 23]","[-2, 0, 0]",1.0
midgam_geva,likud,הליכוד,4,3,0.12392810070834642,2026-09-09,2026-10-05,21,21,0,0.07253886010362781,1.0,False,"[21, 20, 20, 21]","[-1, 0, 1]",1.0
midgam_geva,beyachad,ביחד,4,3,0.12392810070834642,2026-09-09,2026-10-05,13,13,0,0.0,1.0,True,"[13, 13, 13, 13]","[0, 0, 0]",1.0
midgam_geva,democrats,הדמוקרטים,4,3,0.12392810070834642,2026-09-09,2026-10-05,10,9,-1,-0.3082901554404143,0.3333333333333333,False,"[10, 10, 9, 9]","[0, -1, 0]",1.0
midgam_geva,yisrael_beiteinu,ישראל ביתנו,4,3,0.12392810070834642,2026-09-09,2026-10-05,9,9,0,0.10880829015544075,0.75,False,"[9, 8, 9, 9]","[-1, 1, 0]",1.0
midgam_geva,utj,יהדות התורה,4,3,0.12392810070834642,2026-09-09,2026-10-05,8,8,0,0.0,1.0,True,"[8, 8, 8, 8]","[0, 0, 0]",1.0
midgam_geva,joint,הרשימה המשותפת,4,3,0.12392810070834642,2026-09-09,2026-10-05,7,8,1,0.16321243523316076,0.6666666666666666,False,"[7, 8, 7, 8]","[1, -1, 1]",1.0
midgam_geva,shas,ש״ס,4,3,0.12392810070834642,2026-09-09,2026-10-05,7,7,0,0.0,1.0,True,"[7, 7, 7, 7]","[0, 0, 0]",1.0
midgam_geva,otzma,עוצמה יהודית,4,3,0.12392810070834642,2026-09-09,2026-10-05,6,7,1,0.27202072538860117,0.25,False,"[6, 6, 6, 7]","[0, 0, 1]",1.0
midgam_geva,rz_zehut,הציונות הדתית–זהות,4,3,0.12392810070834642,2026-09-09,2026-10-05,5,6,1,0.2720207253886012,0.25,False,"[5, 5, 5, 6]","[0, 0, 1]",1.0
midgam_geva,raam,רע״ם,4,3,0.12392810070834642,2026-09-09,2026-10-05,4,5,1,0.30829015544041466,0.3333333333333333,False,"[4, 4, 5, 5]","[0, 1, 0]",1.0
midgam_geva,winter,עמך ישראל,4,3,0.12392810070834642,2026-09-09,2026-10-05,5,0,-5,-1.2875647668393781,0.08333333333333333,False,"[5, 4, 4, 0]","[-1, 0, -4]",1.0
midgam_geva,hendel,המילואימניקים והכלכלית,4,3,0.12392810070834642,2026-09-09,2026-10-05,0,4,4,0.7979274611398964,0.5,False,"[0, 4, 4, 4]","[4, 0, 0]",1.0
midgam_geva,gantz,כחול לבן,4,3,0.12392810070834642,2026-09-09,2026-10-05,0,0,0,0.0,1.0,True,"[0, 0, 0, 0]","[0, 0, 0]",1.0
midgam_geva,noam,נעם לישראל,4,3,0.12392810070834642,2026-09-09,2026-10-05,0,0,0,0.0,1.0,True,"[0, 0, 0, 0]","[0, 0, 0]",1.0
midgam_geva,haredi_public,הציבור החרדי,4,3,0.12392810070834642,2026-09-09,2026-10-05,0,0,0,0.0,1.0,True,"[0, 0, 0, 0]","[0, 0, 0]",1.0
midgam_geva,israel_first,ישראל תחילה,4,3,0.12392810070834642,2026-09-09,2026-10-05,0,0,0,0.0,1.0,True,"[0, 0, 0, 0]","[0, 0, 0]",1.0
next_data,yashar,ישר!,7,6,0.12598889497254964,2026-09-09,2026-10-07,22,23,1,0.246187899655681,0.4380952380952381,False,"[22, 21, 20, 22, 21, 21, 23]","[-1, -1, 2, -1, 0, 2]",1.0
next_data,likud,הליכוד,7,6,0.12598889497254964,2026-09-09,2026-10-07,31,31,0,0.19454008853910398,0.4,False,"[31, 30, 31, 32, 31, 32, 31]","[-1, 1, 1, -1, 1, -1]",1.0
next_data,beyachad,ביחד,7,6,0.12598889497254964,2026-09-09,2026-10-07,7,8,1,0.15666502705361474,0.5523809523809524,False,"[7, 8, 9, 7, 9, 8, 8]","[1, 1, -2, 2, -1, 0]",1.0
next_data,democrats,הדמוקרטים,7,6,0.12598889497254964,2026-09-09,2026-10-07,8,9,1,0.23757993113625187,0.14285714285714285,False,"[8, 9, 8, 9, 9, 9, 9]","[1, -1, 1, 0, 0, 0]",1.0
next_data,yisrael_beiteinu,ישראל ביתנו,7,6,0.12598889497254964,2026-09-09,2026-10-07,7,5,-2,-0.406296114117069,0.05,False,"[7, 6, 7, 7, 6, 6, 5]","[-1, 1, 0, -1, 0, -1]",1.0
next_data,utj,יהדות התורה,7,6,0.12598889497254964,2026-09-09,2026-10-07,7,8,1,0.16527299557304476,0.3333333333333333,False,"[7, 8, 8, 7, 8, 8, 8]","[1, 0, -1, 1, 0, 0]",1.0
next_data,joint,הרשימה המשותפת,7,6,0.12598889497254964,2026-09-09,2026-10-07,6,7,1,0.16699458927693045,0.2857142857142857,False,"[6, 7, 7, 7, 7, 7, 7]","[1, 0, 0, 0, 0, 0]",1.0
next_data,shas,ש״ס,7,6,0.12598889497254964,2026-09-09,2026-10-07,10,10,0,0.0017215937038856932,1.0,False,"[10, 10, 10, 11, 10, 10, 10]","[0, 0, 1, -1, 0, 0]",1.0
next_data,otzma,עוצמה יהודית,7,6,0.12598889497254964,2026-09-09,2026-10-07,8,8,0,-0.16355140186915906,0.5333333333333333,False,"[8, 8, 8, 6, 7, 7, 8]","[0, 0, -2, 1, 0, 1]",1.0
next_data,rz_zehut,הציונות הדתית–זהות,7,6,0.12598889497254964,2026-09-09,2026-10-07,8,6,-2,-0.43212001967535674,0.01904761904761905,False,"[8, 8, 7, 7, 7, 7, 6]","[0, -1, 0, 0, 0, -1]",1.0
next_data,raam,רע״ם,7,6,0.12598889497254964,2026-09-09,2026-10-07,6,5,-1,-0.16699458927693078,0.2857142857142857,False,"[6, 5, 5, 5, 5, 5, 5]","[-1, 0, 0, 0, 0, 0]",1.0
next_data,winter,עמך ישראל,7,6,0.12598889497254964,2026-09-09,2026-10-07,0,0,0,0.0,1.0,True,"[0, 0, 0, 0, 0, 0, 0]","[0, 0, 0, 0, 0, 0]",1.0
next_data,hendel,המילואימניקים והכלכלית,7,6,0.12598889497254964,2026-09-09,2026-10-07,0,0,0,0.0,1.0,True,"[0, 0, 0, 0, 0, 0, 0]","[0, 0, 0, 0, 0, 0]",1.0
next_data,gantz,כחול לבן,7,6,0.12598889497254964,2026-09-09,2026-10-07,0,0,0,0.0,1.0,True,"[0, 0, 0, 0, 0, 0, 0]","[0, 0, 0, 0, 0, 0]",1.0
next_data,noam,נעם לישראל,7,6,0.12598889497254964,2026-09-09,2026-10-07,0,0,0,0.0,1.0,True,"[0, 0, 0, 0, 0, 0, 0]","[0, 0, 0, 0, 0, 0]",1.0
next_data,haredi_public,הציבור החרדי,7,6,0.12598889497254964,2026-09-09,2026-10-07,0,0,0,0.0,1.0,True,"[0, 0, 0, 0, 0, 0, 0]","[0, 0, 0, 0, 0, 0]",1.0
next_data,israel_first,ישראל תחילה,7,6,0.12598889497254964,2026-09-09,2026-10-07,0,0,0,0.0,1.0,True,"[0, 0, 0, 0, 0, 0, 0]","[0, 0, 0, 0, 0, 0]",1.0
tatika,yashar,ישר!,5,4,0.12598889497254964,2026-09-10,2026-10-08,23,24,1,-0.09999999999999964,0.8666666666666667,False,"[23, 24, 23, 21, 24]","[1, -1, -2, 3]",1.0
tatika,likud,הליכוד,5,4,0.12598889497254964,2026-09-10,2026-10-08,23,20,-3,-0.7000000000000002,0.03333333333333333,False,"[23, 22, 21, 21, 20]","[-1, -1, 0, -1]",1.0
tatika,beyachad,ביחד,5,4,0.12598889497254964,2026-09-10,2026-10-08,15,13,-2,-0.8000000000000003,0.25,False,"[15, 14, 12, 10, 13]","[-1, -2, -2, 3]",1.0
tatika,democrats,הדמוקרטים,5,4,0.12598889497254964,2026-09-10,2026-10-08,8,8,0,0.0,1.0,True,"[8, 8, 8, 8, 8]","[0, 0, 0, 0]",1.0
tatika,yisrael_beiteinu,ישראל ביתנו,5,4,0.12598889497254964,2026-09-10,2026-10-08,10,10,0,0.09999999999999964,0.8,False,"[10, 9, 10, 10, 10]","[-1, 1, 0, 0]",1.0
tatika,utj,יהדות התורה,5,4,0.12598889497254964,2026-09-10,2026-10-08,9,8,-1,-0.30000000000000004,0.2,False,"[9, 9, 8, 8, 8]","[0, -1, 0, 0]",1.0
tatika,joint,הרשימה המשותפת,5,4,0.12598889497254964,2026-09-10,2026-10-08,7,9,2,0.3999999999999999,0.1,False,"[7, 8, 8, 8, 9]","[1, 0, 0, 1]",1.0
tatika,shas,ש״ס,5,4,0.12598889497254964,2026-09-10,2026-10-08,10,8,-2,-0.40000000000000036,0.2,False,"[10, 9, 10, 9, 8]","[-1, 1, -1, -1]",1.0
tatika,otzma,עוצמה יהודית,5,4,0.12598889497254964,2026-09-10,2026-10-08,6,6,0,-0.09999999999999987,0.8,False,"[6, 7, 6, 6, 6]","[1, -1, 0, 0]",1.0
tatika,rz_zehut,הציונות הדתית–זהות,5,4,0.12598889497254964,2026-09-10,2026-10-08,4,5,1,0.2999999999999998,0.2,False,"[4, 4, 4, 5, 5]","[0, 0, 1, 0]",1.0
tatika,raam,רע״ם,5,4,0.12598889497254964,2026-09-10,2026-10-08,5,5,0,-0.10000000000000009,0.8,False,"[5, 6, 6, 5, 5]","[1, 0, -1, 0]",1.0
tatika,winter,עמך ישראל,5,4,0.12598889497254964,2026-09-10,2026-10-08,0,4,4,1.2000000000000002,0.2,False,"[0, 0, 4, 4, 4]","[0, 4, 0, 0]",1.0
tatika,hendel,המילואימניקים והכלכלית,5,4,0.12598889497254964,2026-09-10,2026-10-08,0,0,0,0.5,0.8,False,"[0, 0, 0, 5, 0]","[0, 0, 5, -5]",1.0
tatika,gantz,כחול לבן,5,4,0.12598889497254964,2026-09-10,2026-10-08,0,0,0,0.0,1.0,True,"[0, 0, 0, 0, 0]","[0, 0, 0, 0]",1.0
tatika,noam,נעם לישראל,5,4,0.12598889497254964,2026-09-10,2026-10-08,0,0,0,0.0,1.0,True,"[0, 0, 0, 0, 0]","[0, 0, 0, 0]",1.0
tatika,haredi_public,הציבור החרדי,5,4,0.12598889497254964,2026-09-10,2026-10-08,0,0,0,0.0,1.0,True,"[0, 0, 0, 0, 0]","[0, 0, 0, 0]",1.0
tatika,israel_first,ישראל תחילה,5,4,0.12598889497254964,2026-09-10,2026-10-08,0,0,0,0.0,1.0,True,"[0, 0, 0, 0, 0]","[0, 0, 0, 0]",1.0
