partyId,partyName,weightedFirstSeats,weightedLastSeats,weightedNetDelta,slopePerWeek,pValue,wholeSeriesSignFlipP,upwardSeries,downwardSeries,flatSeries,zeroSeatsThroughout,qValue,wholeSeriesSignFlipQ
yashar,ישר!,23.02838165213705,21.984379747082528,-1.0440019050545226,-0.05422827964060553,0.9546408857473545,0.8671875,2,6,0,False,1.0,1.0
likud,הליכוד,22.78863867714408,22.51070435478152,-0.2779343223625591,0.22360192052467093,0.5958123582941407,0.5546875,5,3,0,False,1.0,1.0
beyachad,ביחד,12.227447617930666,12.10568066142796,-0.12176695650270569,-0.12536788524339232,0.23332226410934745,0.375,3,3,2,False,0.9916196224647267,1.0
democrats,הדמוקרטים,8.997939205735797,8.994615676641079,-0.003323529094717559,-0.014562273311519516,0.799826455026455,0.875,4,2,2,False,1.0,1.0
yisrael_beiteinu,ישראל ביתנו,8.006114341030145,7.885509769416515,-0.12060457161362886,0.01956244224048953,0.7380728571428572,0.71875,4,2,2,False,1.0,1.0
utj,יהדות התורה,7.7592568989300155,7.7592568989300155,0.0,0.0035028799454900096,0.9356984126984127,1.0,3,2,3,False,1.0,1.0
joint,הרשימה המשותפת,7.0,7.7592568989300155,0.7592568989300155,0.17824814087237417,0.00023095238095238095,0.03125,6,0,2,False,0.003926190476190476,0.53125
shas,ש״ס,7.869525191043656,7.617547401098557,-0.2519777899450993,-0.03855107401391548,0.38952380952380955,0.75,2,2,4,False,1.0,1.0
otzma,עוצמה יהודית,7.3676304054176605,7.767864401442217,0.40023399602455556,-0.036955990285043025,0.8959003204365079,0.875,4,4,0,False,1.0,1.0
rz_zehut,הציונות הדתית–זהות,5.617547401098557,6.113591821208359,0.49604442010980143,0.1809081858859133,0.17155197619047619,0.2578125,6,2,0,False,0.9916196224647267,1.0
raam,רע״ם,5.128049689236753,5.239580716180908,0.11153102694415493,0.11430532142206726,0.5671428571428572,0.53125,3,3,2,False,1.0,1.0
winter,עמך ישראל,3.2296087621363077,2.600828038923084,-0.6287807232132236,-0.2731223688827241,0.18397083333333333,0.4375,2,4,2,False,0.9916196224647267,1.0
hendel,המילואימניקים והכלכלית,0.9798601581593143,1.6611836139372436,0.6813234557779294,-0.1773410195138072,0.9742666666666666,1.0,5,1,2,False,1.0,1.0
gantz,כחול לבן,0.0,0.0,0.0,0.0,1.0,1.0,0,0,8,True,1.0,1.0
noam,נעם לישראל,0.0,0.0,0.0,0.0,1.0,1.0,0,0,8,True,1.0,1.0
haredi_public,הציבור החרדי,0.0,0.0,0.0,0.0,1.0,1.0,0,0,8,True,1.0,1.0
israel_first,ישראל תחילה,0.0,0.0,0.0,0.0,1.0,1.0,0,0,8,True,1.0,1.0
