partyId,partyName,weightedFirstSeats,weightedLastSeats,weightedNetDelta,slopePerWeek,pValue,wholeSeriesSignFlipP,upwardSeries,downwardSeries,flatSeries,zeroSeatsThroughout,qValue,wholeSeriesSignFlipQ
yashar,ישר!,23.288315587184854,22.288017783621815,-1.0002978035630383,-0.4203771994064822,0.04991426611796982,0.0625,0,5,2,False,0.21213563100137173,0.53125
likud,הליכוד,23.274146795789697,22.277598426374762,-0.9965483694149371,-0.3918858748958965,0.03359053497942387,0.125,2,4,1,False,0.2098765432098765,0.7083333333333334
beyachad,ביחד,12.000297803563038,11.140107096475122,-0.8601907070879173,-0.5055995072690364,0.015406378600823046,0.0625,1,5,1,False,0.2098765432098765,0.53125
democrats,הדמוקרטים,8.997675118175227,9.42902520959838,0.43135009142315356,0.13759377638295586,0.32006172839506175,0.4375,4,1,2,False,0.7412457912457913,0.9659090909090909
yisrael_beiteinu,ישראל ביתנו,8.135046319633114,8.28932912631572,0.1542828066826054,0.09987454507588546,0.47962962962962963,0.625,3,1,3,False,0.7412457912457913,0.9659090909090909
utj,יהדות התורה,7.856554482569238,7.564900474428746,-0.2916540081404928,-0.1596565836586588,0.1527777777777778,0.25,2,3,2,False,0.5194444444444445,0.85
joint,הרשימה המשותפת,7.0,7.284268349473713,0.28426834947371227,0.10314650236141241,0.3111111111111111,0.5,2,1,4,False,0.7412457912457913,0.9659090909090909
shas,ש״ס,7.852805048421137,7.709359530990375,-0.143445517430762,-0.04230152333135097,0.6,1.0,1,1,5,False,0.85,1.0
otzma,עוצמה יהודית,7.286593231298486,7.1470817419494415,-0.1395114893490444,-0.13352231243431362,0.4334876543209877,0.5625,1,4,2,False,0.7412457912457913,0.9659090909090909
rz_zehut,הציונות הדתית–זהות,5.568536698947424,5.718056532351062,0.14951983340363664,0.05831037636110314,0.7222222222222222,0.75,2,2,3,False,0.9444444444444444,1.0
raam,רע״ם,5.1444590565616295,5.284268349473712,0.13980929291208272,0.09807780159437557,0.43950617283950616,0.5625,3,2,2,False,0.7412457912457913,0.9659090909090909
winter,עמך ישראל,3.0027358950172336,3.5735974757894318,0.570861580772198,0.2794360605069591,0.36419753086419754,0.625,3,1,3,False,0.7412457912457913,0.9659090909090909
hendel,המילואימניקים והכלכלית,0.5928339628389231,2.2943899031577266,1.7015559403188034,0.8769039387130455,0.037037037037037035,0.25,3,0,4,False,0.2098765432098765,0.85
gantz,כחול לבן,0.0,0.0,0.0,0.0,1.0,1.0,0,0,7,True,1.0,1.0
noam,נעם לישראל,0.0,0.0,0.0,0.0,1.0,1.0,0,0,7,True,1.0,1.0
haredi_public,הציבור החרדי,0.0,0.0,0.0,0.0,1.0,1.0,0,0,7,True,1.0,1.0
israel_first,ישראל תחילה,0.0,0.0,0.0,0.0,1.0,1.0,0,0,7,True,1.0,1.0
