pollsterId,partyId,partyName,nPolls,nDeltas,weight,firstPublication,lastPublication,firstSeats,lastSeats,netDelta,slopePerWeek,pValue,constantSeatSeries,seats,deltas,qValue
direct_polls,yashar,ישר!,3,2,0.14213417473685613,2026-09-09,2026-09-24,22,22,0,-0.020710059171600292,1.0,False,"[22, 21, 22]","[-1, 1]",1.0
direct_polls,likud,הליכוד,3,2,0.14213417473685613,2026-09-09,2026-09-24,27,27,0,0.0,1.0,True,"[27, 27, 27]","[0, 0]",1.0
direct_polls,beyachad,ביחד,3,2,0.14213417473685613,2026-09-09,2026-09-24,10,9,-1,-0.47633136094674633,0.3333333333333333,False,"[10, 9, 9]","[-1, 0]",1.0
direct_polls,democrats,הדמוקרטים,3,2,0.14213417473685613,2026-09-09,2026-09-24,9,9,0,0.02071005917159674,1.0,False,"[9, 10, 9]","[1, -1]",1.0
direct_polls,yisrael_beiteinu,ישראל ביתנו,3,2,0.14213417473685613,2026-09-09,2026-09-24,7,7,0,0.02071005917159674,1.0,False,"[7, 8, 7]","[1, -1]",1.0
direct_polls,utj,יהדות התורה,3,2,0.14213417473685613,2026-09-09,2026-09-24,8,8,0,0.0,1.0,True,"[8, 8, 8]","[0, 0]",1.0
direct_polls,joint,הרשימה המשותפת,3,2,0.14213417473685613,2026-09-09,2026-09-24,7,7,0,0.0,1.0,True,"[7, 7, 7]","[0, 0]",1.0
direct_polls,shas,ש״ס,3,2,0.14213417473685613,2026-09-09,2026-09-24,7,7,0,0.0,1.0,True,"[7, 7, 7]","[0, 0]",1.0
direct_polls,otzma,עוצמה יהודית,3,2,0.14213417473685613,2026-09-09,2026-09-24,8,8,0,-0.020710059171598516,1.0,False,"[8, 7, 8]","[-1, 1]",1.0
direct_polls,rz_zehut,הציונות הדתית–זהות,3,2,0.14213417473685613,2026-09-09,2026-09-24,6,6,0,0.0,1.0,True,"[6, 6, 6]","[0, 0]",1.0
direct_polls,raam,רע״ם,3,2,0.14213417473685613,2026-09-09,2026-09-24,5,6,1,0.45562130177514737,0.6666666666666666,False,"[5, 5, 6]","[0, 1]",1.0
direct_polls,winter,עמך ישראל,3,2,0.14213417473685613,2026-09-09,2026-09-24,4,4,0,0.020710059171597184,1.0,False,"[4, 5, 4]","[1, -1]",1.0
direct_polls,hendel,המילואימניקים והכלכלית,3,2,0.14213417473685613,2026-09-09,2026-09-24,0,0,0,0.0,1.0,True,"[0, 0, 0]","[0, 0]",1.0
direct_polls,gantz,כחול לבן,3,2,0.14213417473685613,2026-09-09,2026-09-24,0,0,0,0.0,1.0,True,"[0, 0, 0]","[0, 0]",1.0
direct_polls,noam,נעם לישראל,3,2,0.14213417473685613,2026-09-09,2026-09-24,0,0,0,0.0,1.0,True,"[0, 0, 0]","[0, 0]",1.0
direct_polls,haredi_public,הציבור החרדי,3,2,0.14213417473685613,2026-09-09,2026-09-24,0,0,0,0.0,1.0,True,"[0, 0, 0]","[0, 0]",1.0
direct_polls,israel_first,ישראל תחילה,3,2,0.14213417473685613,2026-09-09,2026-09-24,0,0,0,0.0,1.0,True,"[0, 0, 0]","[0, 0]",1.0
hamadad_consortium,yashar,ישר!,3,2,0.14213417473685613,2026-09-09,2026-09-23,22,22,0,0.0,1.0,True,"[22, 22, 22]","[0, 0]",1.0
hamadad_consortium,likud,הליכוד,3,2,0.14213417473685613,2026-09-09,2026-09-23,19,18,-1,-0.47297297297297547,0.6666666666666666,False,"[19, 18, 18]","[-1, 0]",1.0
hamadad_consortium,beyachad,ביחד,3,2,0.14213417473685613,2026-09-09,2026-09-23,13,11,-2,-0.9932432432432448,0.3333333333333333,False,"[13, 12, 11]","[-1, -1]",1.0
hamadad_consortium,democrats,הדמוקרטים,3,2,0.14213417473685613,2026-09-09,2026-09-23,10,11,1,0.5202702702702693,0.3333333333333333,False,"[10, 10, 11]","[0, 1]",1.0
hamadad_consortium,yisrael_beiteinu,ישראל ביתנו,3,2,0.14213417473685613,2026-09-09,2026-09-23,8,8,0,0.0,1.0,True,"[8, 8, 8]","[0, 0]",1.0
hamadad_consortium,utj,יהדות התורה,3,2,0.14213417473685613,2026-09-09,2026-09-23,8,8,0,0.04729729729729648,1.0,False,"[8, 7, 8]","[-1, 1]",1.0
hamadad_consortium,joint,הרשימה המשותפת,3,2,0.14213417473685613,2026-09-09,2026-09-23,8,8,0,0.0,1.0,True,"[8, 8, 8]","[0, 0]",1.0
hamadad_consortium,shas,ש״ס,3,2,0.14213417473685613,2026-09-09,2026-09-23,7,7,0,0.0,1.0,True,"[7, 7, 7]","[0, 0]",1.0
hamadad_consortium,otzma,עוצמה יהודית,3,2,0.14213417473685613,2026-09-09,2026-09-23,9,7,-2,-0.9932432432432439,0.3333333333333333,False,"[9, 8, 7]","[-1, -1]",1.0
hamadad_consortium,rz_zehut,הציונות הדתית–זהות,3,2,0.14213417473685613,2026-09-09,2026-09-23,6,6,0,-0.09459459459459518,1.0,False,"[6, 8, 6]","[2, -2]",1.0
hamadad_consortium,raam,רע״ם,3,2,0.14213417473685613,2026-09-09,2026-09-23,6,5,-1,-0.5202702702702711,0.3333333333333333,False,"[6, 6, 5]","[0, -1]",1.0
hamadad_consortium,winter,עמך ישראל,3,2,0.14213417473685613,2026-09-09,2026-09-23,4,5,1,0.425675675675675,1.0,False,"[4, 6, 5]","[2, -1]",1.0
hamadad_consortium,hendel,המילואימניקים והכלכלית,3,2,0.14213417473685613,2026-09-09,2026-09-23,0,4,4,2.0810810810810807,0.3333333333333333,False,"[0, 0, 4]","[0, 4]",1.0
hamadad_consortium,gantz,כחול לבן,3,2,0.14213417473685613,2026-09-09,2026-09-23,0,0,0,0.0,1.0,True,"[0, 0, 0]","[0, 0]",1.0
hamadad_consortium,noam,נעם לישראל,3,2,0.14213417473685613,2026-09-09,2026-09-23,0,0,0,0.0,1.0,True,"[0, 0, 0]","[0, 0]",1.0
hamadad_consortium,haredi_public,הציבור החרדי,3,2,0.14213417473685613,2026-09-09,2026-09-23,0,0,0,0.0,1.0,True,"[0, 0, 0]","[0, 0]",1.0
hamadad_consortium,israel_first,ישראל תחילה,3,2,0.14213417473685613,2026-09-09,2026-09-23,0,0,0,0.0,1.0,True,"[0, 0, 0]","[0, 0]",1.0
kantar,yashar,ישר!,3,2,0.14820849070973077,2026-09-09,2026-09-27,24,23,-1,-0.32110091743119185,1.0,False,"[24, 22, 23]","[-2, 1]",1.0
kantar,likud,הליכוד,3,2,0.14820849070973077,2026-09-09,2026-09-27,21,21,0,0.04281345565749284,1.0,False,"[21, 20, 21]","[-1, 1]",1.0
kantar,beyachad,ביחד,3,2,0.14820849070973077,2026-09-09,2026-09-27,12,11,-1,-0.44954128440366947,0.6666666666666666,False,"[12, 13, 11]","[1, -2]",1.0
kantar,democrats,הדמוקרטים,3,2,0.14820849070973077,2026-09-09,2026-09-27,9,9,0,0.0,1.0,True,"[9, 9, 9]","[0, 0]",1.0
kantar,yisrael_beiteinu,ישראל ביתנו,3,2,0.14820849070973077,2026-09-09,2026-09-27,7,9,2,0.7706422018348627,0.3333333333333333,False,"[7, 8, 9]","[1, 1]",1.0
kantar,utj,יהדות התורה,3,2,0.14820849070973077,2026-09-09,2026-09-27,8,7,-1,-0.36391437308868513,0.6666666666666666,False,"[8, 7, 7]","[-1, 0]",1.0
kantar,joint,הרשימה המשותפת,3,2,0.14820849070973077,2026-09-09,2026-09-27,7,7,0,0.0,1.0,True,"[7, 7, 7]","[0, 0]",1.0
kantar,shas,ש״ס,3,2,0.14820849070973077,2026-09-09,2026-09-27,7,7,0,0.0,1.0,True,"[7, 7, 7]","[0, 0]",1.0
kantar,otzma,עוצמה יהודית,3,2,0.14820849070973077,2026-09-09,2026-09-27,7,7,0,-0.042813455657492394,1.0,False,"[7, 8, 7]","[1, -1]",1.0
kantar,rz_zehut,הציונות הדתית–זהות,3,2,0.14820849070973077,2026-09-09,2026-09-27,5,6,1,0.36391437308868513,0.6666666666666666,False,"[5, 6, 6]","[1, 0]",1.0
kantar,raam,רע״ם,3,2,0.14820849070973077,2026-09-09,2026-09-27,5,5,0,0.0,1.0,True,"[5, 5, 5]","[0, 0]",1.0
kantar,winter,עמך ישראל,3,2,0.14820849070973077,2026-09-09,2026-09-27,4,4,0,0.0,1.0,True,"[4, 4, 4]","[0, 0]",1.0
kantar,hendel,המילואימניקים והכלכלית,3,2,0.14820849070973077,2026-09-09,2026-09-27,4,4,0,0.0,1.0,True,"[4, 4, 4]","[0, 0]",1.0
kantar,gantz,כחול לבן,3,2,0.14820849070973077,2026-09-09,2026-09-27,0,0,0,0.0,1.0,True,"[0, 0, 0]","[0, 0]",1.0
kantar,noam,נעם לישראל,3,2,0.14820849070973077,2026-09-09,2026-09-27,0,0,0,0.0,1.0,True,"[0, 0, 0]","[0, 0]",1.0
kantar,haredi_public,הציבור החרדי,3,2,0.14820849070973077,2026-09-09,2026-09-27,0,0,0,0.0,1.0,True,"[0, 0, 0]","[0, 0]",1.0
kantar,israel_first,ישראל תחילה,3,2,0.14820849070973077,2026-09-09,2026-09-27,0,0,0,0.0,1.0,True,"[0, 0, 0]","[0, 0]",1.0
lazar,yashar,ישר!,4,3,0.143445517430762,2026-09-09,2026-09-25,25,22,-3,-1.5167186803388317,0.08333333333333333,False,"[25, 25, 23, 22]","[0, -2, -1]",1.0
lazar,likud,הליכוד,4,3,0.143445517430762,2026-09-09,2026-09-25,21,18,-3,-1.098528756130183,0.16666666666666666,False,"[21, 19, 18, 18]","[-2, -1, 0]",1.0
lazar,beyachad,ביחד,4,3,0.143445517430762,2026-09-09,2026-09-25,14,13,-1,-0.5367810967454297,0.3333333333333333,False,"[14, 14, 13, 13]","[0, -1, 0]",1.0
lazar,democrats,הדמוקרטים,4,3,0.143445517430762,2026-09-09,2026-09-25,9,11,2,0.6304057066428886,0.4166666666666667,False,"[9, 10, 9, 11]","[1, -1, 2]",1.0
lazar,yisrael_beiteinu,ישראל ביתנו,4,3,0.143445517430762,2026-09-09,2026-09-25,9,9,0,0.0,1.0,True,"[9, 9, 9, 9]","[0, 0, 0]",1.0
lazar,utj,יהדות התורה,4,3,0.143445517430762,2026-09-09,2026-09-25,7,6,-1,-0.44315648684797115,0.25,False,"[7, 7, 7, 6]","[0, 0, -1]",1.0
lazar,joint,הרשימה המשותפת,4,3,0.143445517430762,2026-09-09,2026-09-25,7,7,0,0.0,1.0,True,"[7, 7, 7, 7]","[0, 0, 0]",1.0
lazar,shas,ש״ס,4,3,0.143445517430762,2026-09-09,2026-09-25,7,6,-1,-0.44315648684797115,0.25,False,"[7, 7, 7, 6]","[0, 0, -1]",1.0
lazar,otzma,עוצמה יהודית,4,3,0.143445517430762,2026-09-09,2026-09-25,7,9,2,0.7240303165403478,0.16666666666666666,False,"[7, 8, 8, 9]","[1, 0, 1]",1.0
lazar,rz_zehut,הציונות הדתית–זהות,4,3,0.143445517430762,2026-09-09,2026-09-25,5,6,1,0.5367810967454305,0.3333333333333333,False,"[5, 5, 6, 6]","[0, 1, 0]",1.0
lazar,raam,רע״ם,4,3,0.143445517430762,2026-09-09,2026-09-25,5,5,0,0.0,1.0,True,"[5, 5, 5, 5]","[0, 0, 0]",1.0
lazar,winter,עמך ישראל,4,3,0.143445517430762,2026-09-09,2026-09-25,4,4,0,0.0,1.0,True,"[4, 4, 4, 4]","[0, 0, 0]",1.0
lazar,hendel,המילואימניקים והכלכלית,4,3,0.143445517430762,2026-09-09,2026-09-25,0,4,4,2.147124386981721,0.3333333333333333,False,"[0, 0, 4, 4]","[0, 4, 0]",1.0
lazar,gantz,כחול לבן,4,3,0.143445517430762,2026-09-09,2026-09-25,0,0,0,0.0,1.0,True,"[0, 0, 0, 0]","[0, 0, 0]",1.0
lazar,noam,נעם לישראל,4,3,0.143445517430762,2026-09-09,2026-09-25,0,0,0,0.0,1.0,True,"[0, 0, 0, 0]","[0, 0, 0]",1.0
lazar,haredi_public,הציבור החרדי,4,3,0.143445517430762,2026-09-09,2026-09-25,0,0,0,0.0,1.0,True,"[0, 0, 0, 0]","[0, 0, 0]",1.0
lazar,israel_first,ישראל תחילה,4,3,0.143445517430762,2026-09-09,2026-09-25,0,0,0,0.0,1.0,True,"[0, 0, 0, 0]","[0, 0, 0]",1.0
midgam_geva,yashar,ישר!,3,2,0.13980929291208272,2026-09-09,2026-09-22,25,23,-2,-0.9767441860465098,0.6666666666666666,False,"[25, 23, 23]","[-2, 0]",1.0
midgam_geva,likud,הליכוד,3,2,0.13980929291208272,2026-09-09,2026-09-22,21,20,-1,-0.4883720930232549,0.6666666666666666,False,"[21, 20, 20]","[-1, 0]",1.0
midgam_geva,beyachad,ביחד,3,2,0.13980929291208272,2026-09-09,2026-09-22,13,13,0,0.0,1.0,True,"[13, 13, 13]","[0, 0]",1.0
midgam_geva,democrats,הדמוקרטים,3,2,0.13980929291208272,2026-09-09,2026-09-22,10,9,-1,-0.5697674418604644,0.3333333333333333,False,"[10, 10, 9]","[0, -1]",1.0
midgam_geva,yisrael_beiteinu,ישראל ביתנו,3,2,0.13980929291208272,2026-09-09,2026-09-22,9,9,0,0.08139534883720945,1.0,False,"[9, 8, 9]","[-1, 1]",1.0
midgam_geva,utj,יהדות התורה,3,2,0.13980929291208272,2026-09-09,2026-09-22,8,8,0,0.0,1.0,True,"[8, 8, 8]","[0, 0]",1.0
midgam_geva,joint,הרשימה המשותפת,3,2,0.13980929291208272,2026-09-09,2026-09-22,7,7,0,-0.08139534883720945,1.0,False,"[7, 8, 7]","[1, -1]",1.0
midgam_geva,shas,ש״ס,3,2,0.13980929291208272,2026-09-09,2026-09-22,7,7,0,0.0,1.0,True,"[7, 7, 7]","[0, 0]",1.0
midgam_geva,otzma,עוצמה יהודית,3,2,0.13980929291208272,2026-09-09,2026-09-22,6,6,0,0.0,1.0,True,"[6, 6, 6]","[0, 0]",1.0
midgam_geva,rz_zehut,הציונות הדתית–זהות,3,2,0.13980929291208272,2026-09-09,2026-09-22,5,5,0,0.0,1.0,True,"[5, 5, 5]","[0, 0]",1.0
midgam_geva,raam,רע״ם,3,2,0.13980929291208272,2026-09-09,2026-09-22,4,5,1,0.5697674418604652,0.3333333333333333,False,"[4, 4, 5]","[0, 1]",1.0
midgam_geva,winter,עמך ישראל,3,2,0.13980929291208272,2026-09-09,2026-09-22,5,4,-1,-0.4883720930232558,0.6666666666666666,False,"[5, 4, 4]","[-1, 0]",1.0
midgam_geva,hendel,המילואימניקים והכלכלית,3,2,0.13980929291208272,2026-09-09,2026-09-22,0,4,4,1.9534883720930232,0.6666666666666666,False,"[0, 4, 4]","[4, 0]",1.0
midgam_geva,gantz,כחול לבן,3,2,0.13980929291208272,2026-09-09,2026-09-22,0,0,0,0.0,1.0,True,"[0, 0, 0]","[0, 0]",1.0
midgam_geva,noam,נעם לישראל,3,2,0.13980929291208272,2026-09-09,2026-09-22,0,0,0,0.0,1.0,True,"[0, 0, 0]","[0, 0]",1.0
midgam_geva,haredi_public,הציבור החרדי,3,2,0.13980929291208272,2026-09-09,2026-09-22,0,0,0,0.0,1.0,True,"[0, 0, 0]","[0, 0]",1.0
midgam_geva,israel_first,ישראל תחילה,3,2,0.13980929291208272,2026-09-09,2026-09-22,0,0,0,0.0,1.0,True,"[0, 0, 0]","[0, 0]",1.0
next_data,yashar,ישר!,5,4,0.14213417473685613,2026-09-09,2026-09-28,22,21,-1,-0.11059479553903451,0.8666666666666667,False,"[22, 21, 20, 22, 21]","[-1, -1, 2, -1]",1.0
next_data,likud,הליכוד,5,4,0.14213417473685613,2026-09-09,2026-09-28,31,31,0,0.26022304832713594,0.6,False,"[31, 30, 31, 32, 31]","[-1, 1, 1, -1]",1.0
next_data,beyachad,ביחד,5,4,0.14213417473685613,2026-09-09,2026-09-28,7,9,2,0.4228624535315988,0.4666666666666667,False,"[7, 8, 9, 7, 9]","[1, 1, -2, 2]",1.0
next_data,democrats,הדמוקרטים,5,4,0.14213417473685613,2026-09-09,2026-09-28,8,9,1,0.35130111524163565,0.3,False,"[8, 9, 8, 9, 9]","[1, -1, 1, 0]",1.0
next_data,yisrael_beiteinu,ישראל ביתנו,5,4,0.14213417473685613,2026-09-09,2026-09-28,7,6,-1,-0.20167286245353133,0.5,False,"[7, 6, 7, 7, 6]","[-1, 1, 0, -1]",1.0
next_data,utj,יהדות התורה,5,4,0.14213417473685613,2026-09-09,2026-09-28,7,8,1,0.1561338289962828,0.7,False,"[7, 8, 8, 7, 8]","[1, 0, -1, 1]",1.0
next_data,joint,הרשימה המשותפת,5,4,0.14213417473685613,2026-09-09,2026-09-28,6,7,1,0.3057620817843867,0.4,False,"[6, 7, 7, 7, 7]","[1, 0, 0, 0]",1.0
next_data,shas,ש״ס,5,4,0.14213417473685613,2026-09-09,2026-09-28,10,10,0,0.14962825278810454,0.6,False,"[10, 10, 10, 11, 10]","[0, 0, 1, -1]",1.0
next_data,otzma,עוצמה יהודית,5,4,0.14213417473685613,2026-09-09,2026-09-28,8,7,-1,-0.6115241635687729,0.2,False,"[8, 8, 8, 6, 7]","[0, 0, -2, 1]",1.0
next_data,rz_zehut,הציונות הדתית–זהות,5,4,0.14213417473685613,2026-09-09,2026-09-28,8,7,-1,-0.41635687732341964,0.2,False,"[8, 8, 7, 7, 7]","[0, -1, 0, 0]",1.0
next_data,raam,רע״ם,5,4,0.14213417473685613,2026-09-09,2026-09-28,6,5,-1,-0.3057620817843867,0.4,False,"[6, 5, 5, 5, 5]","[-1, 0, 0, 0]",1.0
next_data,winter,עמך ישראל,5,4,0.14213417473685613,2026-09-09,2026-09-28,0,0,0,0.0,1.0,True,"[0, 0, 0, 0, 0]","[0, 0, 0, 0]",1.0
next_data,hendel,המילואימניקים והכלכלית,5,4,0.14213417473685613,2026-09-09,2026-09-28,0,0,0,0.0,1.0,True,"[0, 0, 0, 0, 0]","[0, 0, 0, 0]",1.0
next_data,gantz,כחול לבן,5,4,0.14213417473685613,2026-09-09,2026-09-28,0,0,0,0.0,1.0,True,"[0, 0, 0, 0, 0]","[0, 0, 0, 0]",1.0
next_data,noam,נעם לישראל,5,4,0.14213417473685613,2026-09-09,2026-09-28,0,0,0,0.0,1.0,True,"[0, 0, 0, 0, 0]","[0, 0, 0, 0]",1.0
next_data,haredi_public,הציבור החרדי,5,4,0.14213417473685613,2026-09-09,2026-09-28,0,0,0,0.0,1.0,True,"[0, 0, 0, 0, 0]","[0, 0, 0, 0]",1.0
next_data,israel_first,ישראל תחילה,5,4,0.14213417473685613,2026-09-09,2026-09-28,0,0,0,0.0,1.0,True,"[0, 0, 0, 0, 0]","[0, 0, 0, 0]",1.0
tatika,yashar,ישר!,3,2,0.14213417473685613,2026-09-10,2026-09-24,23,23,0,0.0,1.0,False,"[23, 24, 23]","[1, -1]",1.0
tatika,likud,הליכוד,3,2,0.14213417473685613,2026-09-10,2026-09-24,23,21,-2,-1.0,0.3333333333333333,False,"[23, 22, 21]","[-1, -1]",1.0
tatika,beyachad,ביחד,3,2,0.14213417473685613,2026-09-10,2026-09-24,15,12,-3,-1.5,0.3333333333333333,False,"[15, 14, 12]","[-1, -2]",1.0
tatika,democrats,הדמוקרטים,3,2,0.14213417473685613,2026-09-10,2026-09-24,8,8,0,0.0,1.0,True,"[8, 8, 8]","[0, 0]",1.0
tatika,yisrael_beiteinu,ישראל ביתנו,3,2,0.14213417473685613,2026-09-10,2026-09-24,10,10,0,0.0,1.0,False,"[10, 9, 10]","[-1, 1]",1.0
tatika,utj,יהדות התורה,3,2,0.14213417473685613,2026-09-10,2026-09-24,9,8,-1,-0.5,0.6666666666666666,False,"[9, 9, 8]","[0, -1]",1.0
tatika,joint,הרשימה המשותפת,3,2,0.14213417473685613,2026-09-10,2026-09-24,7,8,1,0.5,0.6666666666666666,False,"[7, 8, 8]","[1, 0]",1.0
tatika,shas,ש״ס,3,2,0.14213417473685613,2026-09-10,2026-09-24,10,10,0,0.0,1.0,False,"[10, 9, 10]","[-1, 1]",1.0
tatika,otzma,עוצמה יהודית,3,2,0.14213417473685613,2026-09-10,2026-09-24,6,6,0,0.0,1.0,False,"[6, 7, 6]","[1, -1]",1.0
tatika,rz_zehut,הציונות הדתית–זהות,3,2,0.14213417473685613,2026-09-10,2026-09-24,4,4,0,0.0,1.0,True,"[4, 4, 4]","[0, 0]",1.0
tatika,raam,רע״ם,3,2,0.14213417473685613,2026-09-10,2026-09-24,5,6,1,0.5,0.6666666666666666,False,"[5, 6, 6]","[1, 0]",1.0
tatika,winter,עמך ישראל,3,2,0.14213417473685613,2026-09-10,2026-09-24,0,4,4,2.0,0.6666666666666666,False,"[0, 0, 4]","[0, 4]",1.0
tatika,hendel,המילואימניקים והכלכלית,3,2,0.14213417473685613,2026-09-10,2026-09-24,0,0,0,0.0,1.0,True,"[0, 0, 0]","[0, 0]",1.0
tatika,gantz,כחול לבן,3,2,0.14213417473685613,2026-09-10,2026-09-24,0,0,0,0.0,1.0,True,"[0, 0, 0]","[0, 0]",1.0
tatika,noam,נעם לישראל,3,2,0.14213417473685613,2026-09-10,2026-09-24,0,0,0,0.0,1.0,True,"[0, 0, 0]","[0, 0]",1.0
tatika,haredi_public,הציבור החרדי,3,2,0.14213417473685613,2026-09-10,2026-09-24,0,0,0,0.0,1.0,True,"[0, 0, 0]","[0, 0]",1.0
tatika,israel_first,ישראל תחילה,3,2,0.14213417473685613,2026-09-10,2026-09-24,0,0,0,0.0,1.0,True,"[0, 0, 0]","[0, 0]",1.0
